variant,verify
P-256,131.2052318444828
P-256,132.8697000022521
P-256,132.85222841447796
P-256,134.7014653743376
P-256,136.1173780534934
P-256,132.05290738403465
P-256,132.3324009260357
P-256,135.18804671710484
P-256,131.34014829943118
P-256,120.37633072496818
P-256,133.37309571250995
P-256,131.0946460015985
P-256,132.92726085188218
P-256,135.241833389087
P-256,131.356981850489
P-256,133.74211554633695
P-256,130.3849760738989
P-256,126.19928637126695
P-256,132.15197978957443
P-256,133.4830425291786
P-256,133.49840085097514
P-256,132.11515649792625
P-256,133.76470216440333
P-256,131.10389900485646
P-256,137.21177597339152
P-256,131.97501828534507
P-256,127.4217520798858
P-256,133.2236751926855
P-256,133.4028768833208
P-256,134.63748719970562
P-256,136.69165366294794
P-256,132.98951614254344
P-256,134.36695102418395
P-256,130.7448860674159
P-256,134.13279871046922
P-256,134.11800511396277
P-256,135.57320943072207
P-256,132.8101037819496
P-256,132.40819104616375
P-256,136.6994724700445
P-256,136.35845828517918
P-256,135.01367741647695
P-256,133.8789066273254
P-256,134.74521092189107
P-256,134.23780582129478
P-256,133.44604912853242
P-256,134.09549995589774
P-256,135.37283124099258
P-256,136.93744873460167
P-256,131.3150664254192
P-256,133.29025716632214
P-256,132.0823757306824
P-256,134.01925798639147
P-256,134.37808721657902
P-256,126.83883235088506
P-256,132.7506006015921
P-256,126.77462957949106
P-256,133.74295389437833
P-256,131.90544663996934
P-256,131.29340824089303
P-256,133.43372040889994
P-256,133.6483486494651
P-256,132.62608239870536
P-256,135.1503080365788
P-256,134.0172680362305
P-256,133.1059910730721
P-256,134.9247433276103
P-256,135.97302553144795
P-256,134.12078932261
P-256,131.71735463961534
P-256,135.3226177295683
P-256,133.74443007442807
P-256,134.23370568631032
P-256,136.50537178648327
P-256,132.59287739239892
P-256,134.91057219265784
P-256,135.95179028052237
P-256,132.68095257956332
P-256,132.1493539791232
P-256,130.49969052096566
P-256,133.11504421402694
P-256,129.7577333388849
P-256,133.1823176663272
P-256,135.28780436027014
P-256,134.47953874168468
P-256,133.54517586561897
P-256,132.4193037509278
P-256,131.06002781578587
P-256,130.54310174962419
P-256,133.61732527365547
P-256,123.60318477305741
P-256,133.57121251696046
P-256,132.68154636930893
P-256,133.4146984853662
P-256,135.89347150511432
P-256,133.24467186365428
P-256,131.61667209501934
P-256,134.46502320350973
P-256,132.46727693391338
P-256,129.79585361684207
P-256,135.51259495237596
P-256,133.67809379147207
P-256,133.70950596714303
P-256,130.786211952218
P-256,134.94206681094718
P-256,135.70454009493204
P-256,132.1314309795783
P-256,135.43887622782307
P-256,136.8908905258726
P-256,132.82505152571852
P-256,130.96594349625468
P-256,132.37194798791114
P-256,133.51276306073225
P-256,132.5805513862914
P-256,130.21631081925113
P-256,132.5274638547877
P-256,129.9414391577745
P-256,133.7319100616088
P-256,131.23997397010407
P-256,133.11026982820826
P-256,132.41596869986887
P-256,131.34783473599023
P-256,135.01803745738047
P-256,134.11673908804306
P-256,133.38907233315618
P-256,132.21967129493225
P-256,135.1269962083809
P-256,131.45844860628586
P-256,129.4905193782865
P-256,132.12863670823555
P-256,133.42806892238713
P-256,134.28155463483876
P-256,134.99997474496527
P-256,129.7747768596031
P-256,132.8956135721268
P-256,136.02431962609583
P-256,133.05941884406946
P-256,131.70172256936578
P-256,135.49316166259527
P-256,135.51534034491348
P-256,130.63007248586797
P-256,133.37882022713546
P-256,130.60966233475375
P-256,136.4611232593868
P-256,132.92736017254921
P-256,133.77612063103626
P-256,132.93450616851956
P-256,130.05347790729016
P-256,135.7335774708951
P-256,131.42237310143685
P-256,132.83311822908388
P-256,133.34343523757147
P-256,135.54902931597704
P-256,132.4961108363749
P-256,132.7277646354024
P-256,134.6659070146043
P-256,127.50822194828723
P-256,132.39464065382387
P-256,132.93589510214727
P-256,136.12128303798832
P-256,131.02652083269643
P-256,133.42276176461064
P-256,132.67516076220414
P-256,136.1721095814785
P-256,133.2470119926487
P-256,135.6813758460662
P-256,133.2683629736486
P-256,133.4482885137308
P-256,133.98550620855957
P-256,130.81651853034217
P-256,131.7241241835027
P-256,130.6632998772134
P-256,132.47502392370455
P-256,130.92495481454995
P-256,131.43091837593994
P-256,134.88538795125973
P-256,133.14683634583923
P-256,129.93441047316006
P-256,132.1914748937439
P-256,130.51817280976098
P-256,132.84397975439617
P-256,133.40517720047166
P-256,132.721563015254
P-256,134.61413426876524
P-256,134.29194585679045
P-256,132.4538885953762
P-256,136.07408921086756
P-256,134.6142735396355
P-256,130.28650920650702
P-256,135.0543154576605
P-256,132.71094962193737
P-256,133.43391270183395
P-256,133.2702448248115
P-256,136.5977695397977
P-256,133.39755698111404
P-256,132.403551402042
P-256,132.2620045435458
P-256,134.4388247683999
P-256,134.13671280531048
P-256,128.90484386551955
P-256,133.3482879368808
P-256,133.35171145717453
P-256,135.77672977885632
P-256,132.17988324081466
P-256,134.4514796279073
P-256,133.81755877184477
P-256,131.38618701258505
P-256,133.15725529503263
P-256,134.13414755853378
P-256,134.55088637182453
P-256,132.90434104623273
P-256,131.84798037348065
P-256,121.94647823703336
P-256,134.0569184115641
P-256,133.31153860994198
P-256,132.5782103054614
P-256,126.79188564733704
P-256,133.74727864102357
P-256,134.182340752686
P-256,134.76833974930244
P-256,133.99564448677953
P-256,130.0263294155571
P-256,134.77586624266553
P-256,134.46559342136595
P-256,134.53729955464553
P-256,134.92584148219402
P-256,127.62157478180093
P-256,135.03340356273935
P-256,133.88455934325532
P-256,132.96026907717513
P-256,134.97432349711642
P-256,134.12034271512647
P-256,132.82850457335945
P-256,130.2832682745826
P-256,131.94359876193442
P-256,134.63502885976055
P-256,130.6850623602356
P-256,130.1682056989324
P-256,130.58194170658172
P-256,134.5680864285443
P-256,132.47173037182762
P-256,134.209869985543
P-256,135.47912494649987
P-256,131.90209341341173
P-256,130.89503936332372
P-256,133.36829609521686
P-256,134.24067386164165
P-256,132.72736598704265
P-256,132.33626494589217
P-256,133.1513205964003
P-256,134.74463462381033
P-256,129.40134854304176
P-256,133.71431703483069
P-256,134.97891139979646
P-256,133.17449191982195
P-256,133.35824201329794
P-256,135.17323430124532
P-256,136.59599348997736
P-256,132.6245555855743
P-256,135.8044230692969
P-256,135.74835837075784
P-256,130.6268321866071
P-256,131.39581112994543
P-256,134.3132937274609
P-256,132.81999868510363
P-256,134.68420053520785
P-256,135.41769059769837
P-256,124.16610139606065
P-256,136.821431288861
P-256,131.80882315878173
P-256,132.65147846795585
P-256,129.74994437673834
P-256,136.23461871954424
P-256,132.54849528701723
P-256,133.36506343656234
P-256,135.08907061879967
P-256,133.65682294395498
P-256,134.86773411666906
P-256,134.01701325904045
P-256,132.49792477905675
P-256,125.67872461517922
P-256,133.48386273658375
P-256,137.24267868758162
P-256,134.7058603729698
P-256,132.77262938152842
P-256,129.9025121071439
P-256,133.71529318208684
P-256,134.89560844696237
P-256,132.41550145142742
P-256,133.2357628041016
P-256,131.6743450312215
P-256,130.34563577087306
P-256,132.26683326347592
P-256,134.48800940039146
P-256,134.4403652684459
P-256,132.3785300933536
P-256,135.98663616475565
P-256,136.69605576750098
P-256,134.09556093258723
P-256,132.01240705443277
P-256,134.70326629068197
P-256,131.49578784056024
P-256,131.81479674573004
P-256,132.18032819683066
P-256,132.1669944965744
P-256,130.70425144007518
P-256,123.33396738283452
P-256,129.6773555165385
P-256,132.79445602657609
P-256,134.50872058278384
P-256,130.7365743498512
P-256,134.46123923091872
P-256,133.8985563988571
P-256,133.00903873621326
P-256,133.19499296988423
P-256,132.5989226808151
P-256,134.4517935987606
P-256,136.30952626634348
P-256,132.2445519462566
P-256,132.57039607081427
P-256,132.62963992059454
P-256,128.70143261710953
P-256,131.30064740274784
P-256,133.6636998072704
P-256,135.04488382083707
P-256,132.6740247215023
P-256,133.1726864126514
P-256,132.93035744426294
P-256,131.32191337672384
P-256,133.49698778864627
P-256,135.59556887286644
P-256,136.47490326712915
P-256,131.9715283156086
P-256,130.15494740571685
P-256,133.50810653215734
P-256,135.54398898397406
P-256,131.99313079312648
P-256,131.8521901649603
P-256,132.7724106812092
P-256,133.5426963176054
P-256,130.60700921464496
P-256,130.7168667036453
P-256,132.4917435072101
P-256,132.04448194545725
P-256,134.15010690727692
P-256,133.53782171064915
P-256,135.6917515692853
P-256,130.33107837481478
P-256,131.57823361472938
P-256,132.45244725315993
P-256,133.48866743837726
P-256,135.84485306197087
P-256,127.7484865119952
P-256,133.10308742856856
P-256,131.82663752762917
P-256,130.9554657005058
P-256,134.27448124275023
P-256,129.8689816496668
P-256,137.54031858514963
P-256,135.4801828155686
P-256,132.41372920810034
P-256,133.12857780137233
P-256,131.69668654162476
P-256,134.66649305217078
P-256,135.03905908003836
P-256,133.7007412300303
P-256,135.28434796012826
P-256,134.15453816769752
P-256,130.63787619212883
P-256,135.7953481332478
P-256,136.67861938795002
P-256,136.03847037359594
P-256,132.36213468008737
P-256,134.63283752009673
P-256,132.02066412785396
P-256,133.46040656449654
P-256,134.69870730663877
P-256,130.46588267547003
P-256,134.7236553679177
P-256,127.86723152323427
P-256,136.2928462434971
P-256,131.44004909862244
P-256,131.53456356181687
P-256,136.28926417367325
P-256,129.28326988471073
P-256,135.54780138066118
P-256,135.358117733569
P-256,133.80243249124413
P-256,131.10956464769535
P-256,129.94938387941596
P-256,128.70474333015238
P-256,136.96103172269488
P-256,136.1232279296922
P-256,135.5277283300138
P-256,136.6436176372228
P-256,133.87711419852997
P-256,135.24076168737778
P-256,134.3583718821115
P-256,133.728424064393
P-256,134.94410619416587
P-256,135.66164719247175
P-256,132.98090738665746
P-256,129.1887719539295
P-256,133.20768766585417
P-256,129.62314851086623
P-256,133.58671773474708
P-256,135.91135783574387
P-256,133.63041631303156
P-256,133.72019743313575
P-256,132.11391476368723
P-256,132.55223174220077
P-256,131.12569880714648
P-256,135.34036406579932
P-256,132.45209355558356
P-256,127.7961107182043
P-256,132.3978083049992
P-256,127.59693525253977
P-256,134.70965098500687
P-256,132.82007153220076
P-256,133.83254201547888
P-256,135.62591008385238
P-256,134.54293757477177
P-256,134.0192593229897
P-256,134.55910177812862
P-256,133.48293863754492
P-256,132.52445297474608
P-256,135.67335621108404
P-256,125.227782201251
P-256,136.25065532070514
P-256,133.92834044738316
P-256,132.92577164889306
P-256,132.97809620912344
P-256,133.15934864926308
P-256,131.13072079261244
P-256,134.36447036858894
P-256,135.21954750699746
P-256,134.85696805131388
P-256,131.89436833969475
P-256,134.69873609699863
P-256,130.54821221592857
P-256,134.58413538575505
P-256,134.11098392592032
P-256,130.6888016016407
P-256,130.28893314780277
P-256,133.45997898098483
P-256,134.07960404452666
P-256,135.93234928872312
P-256,134.66281398721742
P-256,133.99770372540345
P-256,136.9100502247508
P-256,131.5146506631516
P-256,128.90803578184406
P-256,134.7908519307604
P-256,127.86070689629666
P-256,132.74588374120577
P-256,133.39537235069724
P-256,132.47684510448397
P-256,129.9590675524529
P-256,131.69121178716676
P-256,136.76613474080378
P-256,132.93241702722517
P-256,135.1853539389405
P-256,136.10958593758798
P-256,134.65094915475197
P-256,126.11559559176344
P-256,131.21799395688686
P-256,132.96674078492586
P-256,134.2787779623554
P-256,133.23662450380584
P-256,134.98771953751628
P-256,129.29969560361596
P-256,134.03701266919276
P-256,134.04715043745256
P-256,134.3166932426746
P-256,135.23709024918324
P-256,131.59192415062165
P-256,135.52239730824917
P-256,131.8832662821215
P-256,135.1444054419242
P-256,128.91043527837886
P-256,135.4394887063402
P-256,131.00103353276037
P-256,130.46523758698405
P-256,132.44136353371357
P-256,127.61167002996532
P-256,130.68101118663137
P-256,131.84012471857048
P-256,134.3354421346886
P-256,130.8522741449608
P-256,134.21290146989818
P-256,134.79741022431546
P-256,134.97515108230226
P-256,135.25699859814156
P-256,134.45800029141546
P-256,134.61144255049058
P-256,132.29972442658428
P-256,129.6698088893445
P-256,134.0103502704215
P-256,130.48588896811
P-256,134.94144439190327
P-256,131.68523746995862
P-256,119.8835989897611
P-256,133.58102483406523
P-256,132.6502727419401
P-256,135.04897096309958
P-256,134.45515266033487
P-256,131.86117554181544
P-256,133.54116246257263
P-256,131.81917335952554
P-256,132.46206378742025
P-256,133.46860427606643
P-256,133.45102543524155
P-256,131.45810124452393
P-256,133.06704545368842
P-256,135.13301172152887
P-256,136.17893141112893
P-256,133.1720628852459
P-256,132.53366201439556
P-256,134.1812221341331
P-256,134.09726267564253
P-256,134.60380456103368
P-256,135.83725602024197
P-256,132.34519361371173
P-256,130.67188189600284
P-256,135.4907466657041
P-256,131.7867708714736
P-256,134.60329007998925
P-256,133.81616814244992
P-256,135.0422248646768
P-256,132.5978569514621
P-256,130.1073517551675
P-256,133.3781473931266
P-256,131.4203162126343
P-256,130.95058970845818
P-256,133.4630006351357
P-256,135.4091931585433
P-256,135.13238214933335
P-256,133.61883939303956
P-256,133.0345066608744
P-256,130.0100776875103
P-256,132.70297255834177
P-256,132.71550405115363
P-256,133.41595480283252
P-256,134.86438046683256
P-256,135.49648193955636
P-256,133.23712340070492
P-256,131.64238464283488
P-256,134.03208326264976
P-256,129.28815168901517
P-256,130.85265170774053
P-256,134.76591749119285
P-256,130.6301313642597
P-256,134.94689039525855
P-256,133.75899720941032
P-256,136.73486090975186
P-256,133.94556647732765
P-256,132.8995027328315
P-256,133.15038304923067
P-256,133.77344975240305
P-256,134.53067761890705
P-256,136.02733764801192
P-256,133.74706516782499
P-256,132.83189375437203
P-256,132.78425507538734
P-256,134.41026276196695
P-256,134.24809882635634
P-256,132.63594117610367
P-256,132.844716483971
P-256,135.53808355951907
P-256,125.7507451112122
P-256,132.07273076173772
P-256,134.14401848839628
P-256,133.80832296504767
P-256,132.18311583686918
P-256,134.9391978706507
P-256,134.24296520814542
P-256,135.88424120974287
P-256,127.571911010027
P-256,136.4437752387438
P-256,133.17804255204788
P-256,135.14670392114252
P-256,133.22395731612716
P-256,130.681153657562
P-256,132.56426453339546
P-256,136.17682988607473
P-256,133.44195407975903
P-256,136.3942166190726
P-256,133.97310739246677
P-256,131.82039559652836
P-256,131.67728972360254
P-256,134.39491194720833
P-256,136.12672586973332
P-256,132.43077447137932
P-256,126.32782870073278
P-256,133.707347617416
P-256,134.42514801195475
P-256,133.33223463526323
P-256,135.7974501815875
P-256,134.36597531038558
P-256,132.57178564234476
P-256,135.7236744168224
P-256,134.51961927108442
P-256,133.96115043039404
P-256,132.6994266586429
P-256,134.5415688368006
P-256,132.40700348349642
P-256,124.82242203131707
P-256,133.82909939835827
P-256,133.43463459971434
P-256,132.8820903679344
P-256,130.3697687748913
P-256,131.56759239153743
P-256,135.74009366266634
P-256,131.51071565032936
P-256,131.70001999787374
P-256,133.91956680368722
P-256,134.21051746518975
P-256,133.66274252756585
P-256,132.85249491318933
P-256,134.7253187131598
P-256,133.41575269805142
P-256,127.78550047268105
P-256,134.35347757786963
P-256,128.72426306189507
P-256,130.41650813697717
P-256,133.43709904090568
P-256,132.4369614779403
P-256,134.3569663630131
P-256,133.61293241231252
P-256,134.11498040896598
P-256,133.29383574279817
P-256,124.20334082851178
P-256,135.21243666228932
P-256,132.74721346354673
P-256,131.38418263337954
P-256,133.7824034713393
P-256,127.41636756903804
P-256,132.50395306985595
P-256,133.62407727956312
P-256,133.90448276841667
P-256,130.21109683573297
P-256,133.93759224258451
P-256,131.03951846038925
P-256,135.17780115603964
P-256,134.91153488663784
P-256,134.80175649897583
P-256,133.82940558378985
P-256,133.43806606488025
P-256,135.67875917355204
P-256,134.54749550717614
P-256,133.05990598060453
P-256,135.61634506015184
P-256,134.37539691608148
P-256,129.64459757445374
P-256,130.57237433922057
P-256,132.40912994181622
P-256,135.04060440219996
P-256,133.7954394728517
P-256,132.32276877847306
P-256,135.26284128977153
P-256,135.5092779280698
P-256,133.12086468152188
P-256,134.70507681985194
P-256,133.166436981369
P-256,134.82108183620528
P-256,130.68707926945692
P-256,133.59249995569382
P-256,135.58284962115138
P-256,134.57227655996212
P-256,133.91830373269272
P-256,133.9986980804553
P-256,130.38069825805044
P-256,128.31923601891842
P-256,128.2814973211945
P-256,133.27167781784064
P-256,135.6255810046389
P-256,134.4078451433913
P-256,133.63992361582177
P-256,132.69073712277026
P-256,131.42231271452943
P-256,134.15042307644543
P-256,133.7344959685129
P-256,133.80079434376788
P-256,132.66369574222844
P-256,133.45281085642983
P-256,131.94513590488717
P-256,132.8650467450559
P-256,132.15877617196682
P-256,135.95101091458875
P-256,136.2495509424625
P-256,131.90074477230579
P-256,132.978716948083
P-256,135.43863174816263
P-256,131.7415637689169
P-256,130.00816834935378
P-256,134.13690673803265
P-256,133.25636071173523
P-256,134.82194171184972
P-256,132.8052506294546
P-256,135.02552794571022
P-256,135.02885763562736
P-256,134.2503136378586
P-256,132.46286379817988
P-256,124.58726639191026
P-256,134.20854982745772
P-256,132.65752648059603
P-256,132.3123248830077
P-256,130.9235183406759
P-256,136.00716416145625
P-256,134.25179227205538
P-256,130.6363438492421
P-256,131.69296511344538
P-256,131.1373724874876
P-256,129.08875139925203
P-256,134.18316493172674
P-256,133.6651674115983
P-256,135.04879062131937
P-256,135.02865455901056
P-256,134.16721211786972
P-256,136.1607012566251
P-256,132.74084338312628
P-256,129.7235034937742
P-256,135.81699037266756
P-256,134.86000205825508
P-256,129.2283018343068
P-256,135.66532571712128
P-256,131.08114561901235
P-256,130.68003521399743
P-256,136.00400884670566
P-256,136.16585648639577
P-256,126.40940785538442
P-256,134.01356470513983
P-256,132.63629368772826
P-256,135.85552994448165
P-256,134.68767819136553
P-256,135.96717123780374
P-256,133.31183413272723
P-256,131.34624860594047
P-256,133.69708505953616
P-256,134.35421998386656
P-256,132.04335397798957
P-256,132.69112190399088
P-256,130.4798238245677
P-256,132.27086784583435
P-256,130.05337158397285
P-256,134.84680107479684
P-256,134.91321294912896
P-256,135.29439860898486
P-256,130.6263854175543
P-256,129.5134780817893
P-256,134.74288176268578
P-256,135.2823844725349
P-256,132.9949901522178
P-256,132.0810707250087
P-256,130.05625277126603
P-256,128.8252278575927
P-256,127.09549934399526
P-256,135.93838327106366
P-256,132.6680253862349
P-256,131.59874732672938
P-256,133.81649736712916
P-256,133.19400449673103
P-256,132.9190998089669
P-256,128.43948995158937
P-256,132.79509960709544
P-256,133.6164893993922
P-256,131.5376880661444
P-256,133.40565505908205
P-256,131.6690003965496
P-256,133.66582261125143
P-256,133.18515495658113
P-256,129.58675303014977
P-256,133.36509472109734
P-256,133.11803471526366
P-256,136.3903534840126
P-256,130.9644164709184
P-256,133.55968041835564
P-256,131.63083519333784
P-256,136.97092537479458
P-256,136.1264973156072
P-256,130.1227065837266
P-256,130.84320965646833
P-256,131.10058828512598
P-256,129.08876383165423
P-256,131.44601518518263
P-256,129.35554447941013
P-256,134.46627434539195
P-256,130.45047742061053
P-256,134.8503367584096
P-256,132.4480861112666
P-256,133.9744068239469
P-256,133.23361408383073
P-256,130.09467338284514
P-256,132.984182991138
P-256,134.20386828640065
P-256,133.5561753251821
P-256,135.05038994099067
P-256,133.9072510172146
P-256,133.07629576678997
P-256,131.06315778634053
P-256,134.81301184855988
P-256,133.6216608659901
P-256,131.33904489282926
P-256,134.15663816983056
P-256,129.19156954925657
P-256,129.96907588293956
P-256,135.13500818122625
P-256,133.39567867482037
P-256,135.4624496062656
P-256,133.01776169493343
P-256,133.31790053602776
P-256,134.24719156667584
P-256,132.9428467891015
P-256,134.2981159209525
P-256,132.22183177253737
P-256,130.4379860228394
P-256,135.16170833149528
P-256,128.8108994441559
P-256,131.6900196537014
P-256,133.2066741814298
P-256,134.07362944175281
P-256,131.22885661106406
P-256,133.6473932559753
P-256,129.32930519716808
P-256,134.85295433341906
P-256,134.44409936595412
P-256,126.95305501071891
P-256,132.21314751623166
P-256,133.4568171322317
P-256,132.0072239132686
P-256,133.35844885304556
P-256,132.367660692643
P-256,136.60951672925611
P-256,122.1020611913211
P-256,134.01963164152016
P-256,135.2386253085561
P-256,132.4660816169575
P-256,132.71123649649496
P-256,133.3866102346435
P-256,130.74398733769604
P-256,134.00855953686323
P-256,135.46188118302987
P-256,134.30850684461674
P-256,134.2928273589241
P-256,134.19781079825705
P-256,133.25173194679314
P-256,132.65395221140972
P-256,135.91272840239546
P-256,130.59627876880037
P-256,133.511558690542
P-256,129.8609777771447
P-256,135.11007785359334
P-256,133.3611097663616
P-256,131.46201801851743
P-256,134.95838866688504
P-256,133.83308506894934
P-256,135.4397416265594
P-256,134.83918336188506
P-256,132.0392799726628
P-256,131.95404719087458
P-256,134.0871634813591
P-256,133.02329247386265
P-256,134.2395773945379
P-256,133.53646809599087
P-256,134.67127781127422
P-256,133.04046052395566
P-256,135.3110316230039
P-256,129.62584743646838
P-256,134.77778276804938
P-256,133.68022146247188
P-256,132.1978843099116
P-256,135.2246282951164
P-256,133.53763984624322
P-256,133.09715591362414
P-256,133.91354011977515
P-256,133.91643724957248
P-256,127.37208878177776
P-256,134.40332235824377
P-256,134.00495468698875
P-256,132.401239738909
P-256,134.34531276597735
P-256,133.23839629222542
P-256,133.10455750382118
P-256,132.95686884077261
P-256,131.87187133826774
P-256,134.66752360405872
P-256,134.7108171244296
P-256,132.7435342260154
P-256,133.34669875659296
P-256,136.3128506677782
P-256,134.66419142598824
P-256,137.14437264773633
P-256,134.31850388868207
P-256,133.0026716660235
P-256,135.89467325055043
P-256,130.11479004057284
P-256,134.2427597373346
P-256,132.51464781950628
P-256,136.60082588162115
P-256,134.13267446516883
P-256,135.63527005199234
P-256,131.60455904429782
P-256,136.57580259857752
P-256,132.2714172922391
P-256,132.77970095127807
P-256,130.27409368040134
P-256,134.83984378975933
P-256,133.43158422770443
P-256,132.8506410070179
P-256,134.5565052990852
P-256,134.0562773082848
P-256,135.1204355202463
P-256,134.87119936734564
P-256,130.953366910874
P-256,131.9945524392542
P-256,134.28727604114925
P-256,136.28954342188416
P-256,134.55310693205772
P-256,135.37373531490502
P-256,132.76925889281026
P-256,133.47050210852626
P-256,134.26995129195754
P-256,135.51812159703792
P-256,133.89752424083792
P-256,131.1219217808825
P-256,132.78799609820962
P-256,132.37761816540765
P-256,134.1407987487796
P-256,133.54751322712448
P-256,126.77210657409475
P-256,132.4724336526281
P-256,130.8547351887739
P-256,129.7946378705825
P-256,132.80219391238677
P-256,133.9413742806224
P-256,128.34091319161598
P-256,133.1726602318187
P-256,134.46214219003645
P-256,132.68125139202772
P-256,131.29143214089447
P-256,133.597291404601
P-256,133.618248495001
P-256,135.99913492574154
P-256,133.92351451812178
P-256,134.43646965377764
P-256,136.10776762773537
P-256,136.45170897270157
P-256,128.9618440547462
P-256,135.16615528559726
P-256,132.31387805173281
P-256,134.38861893163264
P-256,132.1462603151462
P-256,133.47883869124186
P-256,134.7410729956146
P-256,128.076824835789
P-256,129.0554158383623
P-256,134.3563690746747
P-256,129.26302636436623
P-256,129.81594740020856
P-256,132.95723487267324
P-256,132.73052712618136
P-256,135.25413754600942
P-256,132.8761815526789
P-256,132.94872515316627
P-256,136.16412108260246
P-256,134.21597917061914
P-256,136.07329972283006
P-256,129.03613283512317
P-256,134.86515964400672
P-256,132.14987818655487
P-256,135.56850386017618
P-256,131.05560831160648
P-256,133.1782735014268
P-256,132.31437353462974
P-256,131.6231929250738
P-256,129.95589540761586
P-256,133.24134640389877
P-256,132.5496823444835
P-256,133.60713542786505
P-256,131.00317749151532
P-256,133.16596316828262
P-256,130.97118024381416
P-256,134.37421078518778
P-256,129.62353494745545
P-256,132.83937583418754
P-256,133.87189438291045
P-256,133.44033341385583
P-256,133.156147225688
P-256,133.7032288766337
P-256,131.821494424569
P-256,134.10134813271512
P-256,136.07990050167808
P-256,135.57992670074674
P-256,131.5030626819519
P-256,127.33718205893376
P-256,130.6020494297397
P-256,128.11443798147218
P-256,135.44222554671282
P-256,137.12939638648456
P-256,134.37484757403809
P-384,1278.4478018985094
P-384,1249.6572016569025
P-384,1202.4616865347316
P-384,1266.884927944483
P-384,1271.6111499822007
P-384,1267.1994959325402
P-384,1268.5683524521503
P-384,1247.341880462312
P-384,1253.0885676845708
P-384,1233.587279374767
P-384,1271.7148918378234
P-384,1233.9426646013133
P-384,1282.8339504117082
P-384,1262.8554991499875
P-384,1243.1723551925534
P-384,1233.2057970227218
P-384,1253.7519234775793
P-384,1253.4796793473613
P-384,1264.3358471025126
P-384,1225.298414174023
P-384,1164.5437047517487
P-384,1271.298350933898
P-384,1217.502773839552
P-384,1274.7825772507545
P-384,1267.661607972273
P-384,1264.1136289226238
P-384,1207.6676259679025
P-384,1259.769615022144
P-384,1233.922674833327
P-384,1141.5885786807405
P-384,1231.4511626388469
P-384,1265.652271105004
P-384,1227.1363915243096
P-384,1221.0488045056723
P-384,1250.8583623275738
P-384,1200.0899977231493
P-384,1262.2610788372206
P-384,1252.1067156508582
P-384,1215.103360851386
P-384,1251.7657159471712
P-384,1263.9824294613627
P-384,1276.0316345563594
P-384,1259.3701844779248
P-384,1233.0829677155498
P-384,1236.1217506594178
P-384,1240.9255062877162
P-384,1226.9588914765777
P-384,1272.0526292737043
P-384,1244.3179021756323
P-384,1260.0526794877944
P-384,1215.404472727819
P-384,1224.451551746846
P-384,1277.4537074622606
P-384,1240.3246049113943
P-384,1273.210730984489
P-384,1262.895849627214
P-384,1250.7446853340389
P-384,1249.594437346641
P-384,1261.0438027159687
P-384,1261.394179638528
P-384,1250.7733112146595
P-384,1247.1082125360883
P-384,1276.051592951649
P-384,1277.3834037532831
P-384,1244.5667805061028
P-384,1269.2914147561512
P-384,1196.0159508639135
P-384,1215.9886465798002
P-384,1263.412069608702
P-384,1257.182407566138
P-384,1239.105157333926
P-384,1259.5418195144898
P-384,1265.477738482787
P-384,1217.4576536055918
P-384,1260.9382866853139
P-384,1220.6636705244762
P-384,1224.3394122714717
P-384,1191.166340202855
P-384,1282.4609105284876
P-384,1184.3288348633464
P-384,1239.3842210938003
P-384,1259.7807456257515
P-384,1273.5131822024634
P-384,1260.0208763634917
P-384,1236.5878062414845
P-384,1261.4409827518057
P-384,1211.7906743227948
P-384,1260.5189633957025
P-384,1259.893661224749
P-384,1261.598559877038
P-384,1259.467752219523
P-384,1233.1393080601445
P-384,1270.054006672672
P-384,1254.6672959211405
P-384,1265.2552316921362
P-384,1259.66502244558
P-384,1257.234420484265
P-384,1247.9440650148504
P-384,1247.0516998593248
P-384,1249.4479414227872
P-384,1264.3585744359061
P-384,1269.2630697312609
P-384,1276.010783307592
P-384,1251.4337392809166
P-384,1274.0268095167282
P-384,1271.6244835065424
P-384,1246.5634948837924
P-384,1282.2218705196185
P-384,1265.0951191695394
P-384,1269.579884160495
P-384,1263.2465460992057
P-384,1277.3982102781429
P-384,1281.5388393992728
P-384,1257.344773322288
P-384,1232.8153982889517
P-384,1285.8255948474282
P-384,1236.8159045886327
P-384,1275.0897219639803
P-384,1258.0539247906472
P-384,1262.3070417062268
P-384,1257.851585495674
P-384,1241.4784934012341
P-384,1239.5154728290884
P-384,1236.632884360129
P-384,1266.6181312372664
P-384,1265.0623882191371
P-384,1264.6687461962204
P-384,1265.1851458786878
P-384,1252.5174038399691
P-384,1242.0861800343462
P-384,1260.2678711305505
P-384,1210.8064401097117
P-384,1263.8903386515117
P-384,1275.1924277799264
P-384,1273.4663457256681
P-384,1202.882053163663
P-384,1254.7431902326664
P-384,1263.9825283113937
P-384,1199.637536390694
P-384,1267.6261793832402
P-384,1233.8060985051686
P-384,1259.7374858039614
P-384,1221.6488132999382
P-384,1206.1359854030554
P-384,1259.0869340259467
P-384,1243.2930413667714
P-384,1226.5683100771157
P-384,1247.9062101635932
P-384,1245.0157365048008
P-384,1231.4819067352994
P-384,1236.359533493023
P-384,1243.8543063819475
P-384,1242.0253805174757
P-384,1255.7839502697109
P-384,1252.8484141759864
P-384,1266.0568645792348
P-384,1243.9090675020955
P-384,1250.7647139712062
P-384,1271.3666463081724
P-384,1246.2183022295849
P-384,1236.68531108881
P-384,1254.168863668141
P-384,1266.1021437903605
P-384,1260.6056283210887
P-384,1233.440727662246
P-384,1272.4477958113162
P-384,1227.9008708212434
P-384,1231.7324444669448
P-384,1254.1348650140771
P-384,1279.7460491660388
P-384,1237.905751216044
P-384,1254.5876779413322
P-384,1266.768531395455
P-384,1246.2527926447256
P-384,1264.8102432609508
P-384,1259.265466211935
P-384,1261.180422851636
P-384,1251.6310099635543
P-384,1215.2815487000948
P-384,1204.947861798047
P-384,1269.570236891398
P-384,1224.1049699796067
P-384,1243.017690100497
P-384,1243.3272684106296
P-384,1246.70299420133
P-384,1270.678571994455
P-384,1257.325002630484
P-384,1251.762280628404
P-384,1194.885437977181
P-384,1250.677252586697
P-384,1257.7471599096277
P-384,1277.5345433302548
P-384,1258.2092328355188
P-384,1248.1512357855331
P-384,1256.1006302286023
P-384,1275.0476508474237
P-384,1226.9646624961147
P-384,1232.7616339505917
P-384,1234.571392380152
P-384,1255.204677887251
P-384,1259.8106347181915
P-384,1261.771853913427
P-384,1254.2631559901265
P-384,1252.5016464429393
P-384,1204.426157735424
P-384,1268.1496808075694
P-384,1247.0766872526974
P-384,1243.3817752220227
P-384,1270.7987490331268
P-384,1253.9382168564982
P-384,1239.98907080624
P-384,1206.383961439083
P-384,1263.2251635498183
P-384,1233.0359099489463
P-384,1269.0943643679848
P-384,1247.5427289287206
P-384,1247.599626890582
P-384,1244.110565967554
P-384,1247.9687894458748
P-384,1231.3268049048343
P-384,1215.7901531541943
P-384,1251.1937522998267
P-384,1272.1089589395951
P-384,1263.3458381501482
P-384,1271.557819076492
P-384,1261.9763213323258
P-384,1280.0203175772328
P-384,1251.090820321157
P-384,1243.0502936688038
P-384,1243.584233836329
P-384,1250.4697098962
P-384,1250.5629074218007
P-384,1259.1627958386082
P-384,1225.6030055829644
P-384,1260.7978197836487
P-384,1267.9483198268997
P-384,1271.203346591377
P-384,1235.2769583300535
P-384,1267.8686674146245
P-384,1255.245569422242
P-384,1268.7313407748534
P-384,1265.6817506631749
P-384,1248.5720183336346
P-384,1262.686268833435
P-384,1248.9109028400594
P-384,1270.8631876975317
P-384,1220.625263499072
P-384,1251.4916303713449
P-384,1237.3057495800808
P-384,1257.528911921629
P-384,1281.0577621255134
P-384,1222.2320653977486
P-384,1253.5730865202354
P-384,1222.2388000581288
P-384,1263.5680813727377
P-384,1192.5690537052901
P-384,1251.888991113984
P-384,1208.2687782631585
P-384,1266.7877247337844
P-384,1261.3306479738949
P-384,1263.0011455085264
P-384,1257.3248891144262
P-384,1261.4732688808165
P-384,1262.3008717995353
P-384,1249.3317251986414
P-384,1279.3545950726884
P-384,1240.1940331522355
P-384,1255.786631217142
P-384,1268.420515119418
P-384,1284.3324385354124
P-384,1254.8083478615808
P-384,1265.0898698934623
P-384,1262.1616740020374
P-384,1270.8137072044874
P-384,1275.6483170612212
P-384,1234.0752154039067
P-384,1210.1799479675678
P-384,1281.1906804056946
P-384,1229.9423984794842
P-384,1272.9133362730365
P-384,1239.6106062858696
P-384,1266.7848009769898
P-384,1289.580690764704
P-384,1256.0051714116096
P-384,1271.3875649402517
P-384,1254.3941276979294
P-384,1232.8009842536685
P-384,1228.532166458153
P-384,1273.3853667734356
P-384,1270.8878288212309
P-384,1240.5671950951669
P-384,1260.686870027232
P-384,1261.8046580040277
P-384,1261.5770132075822
P-384,1270.0356184180225
P-384,1282.9973817250698
P-384,1270.0362795240296
P-384,1251.1529936592958
P-384,1248.5109746714597
P-384,1261.5503865468381
P-384,1268.2189424203325
P-384,1251.3172450106815
P-384,1278.7341391622824
P-384,1261.8290150440034
P-384,1259.368983609792
P-384,1237.4092763225876
P-384,1238.1770274350545
P-384,1255.8180539035502
P-384,1265.067995380013
P-384,1222.0777002939546
P-384,1216.1469396771229
P-384,1245.5511966010772
P-384,1232.7639398464787
P-384,1256.671550131902
P-384,1259.0886272613498
P-384,1266.3884254358527
P-384,1270.678461818745
P-384,1258.524451216448
P-384,1269.5167332605947
P-384,1251.9893732561832
P-384,1224.059015119118
P-384,1275.5650528858125
P-384,1251.7456789804226
P-384,1252.047119356662
P-384,1268.494440329922
P-384,1275.7304939235876
P-384,1201.6540287721925
P-384,1234.904714960922
P-384,1235.9733894214855
P-384,1254.0231007314376
P-384,1262.1802819873874
P-384,1240.0703780152528
P-384,1272.9517729545978
P-384,1276.7292123653356
P-384,1260.0310466990823
P-384,1260.9821627931258
P-384,1277.5560505584965
P-384,1249.6175885444816
P-384,1255.605819341144
P-384,1250.0586403267991
P-384,1255.0879977473812
P-384,1243.944158157671
P-384,1265.6646599902194
P-384,1245.6333210832017
P-384,1258.7836615887695
P-384,1251.5695883365786
P-384,1257.7551633274725
P-384,1239.708651626501
P-384,1274.9722757309198
P-384,1233.4651452438393
P-384,1229.0956597989696
P-384,1242.3585543298689
P-384,1266.3975814740388
P-384,1242.7524902573284
P-384,1210.1754450439698
P-384,1224.7243411101615
P-384,1244.9113987568799
P-384,1264.3041007615036
P-384,1228.5434486104098
P-384,1233.8735851033587
P-384,1236.012046099848
P-384,1283.1796506456835
P-384,1262.1890084503534
P-384,1239.825991205628
P-384,1232.902736796912
P-384,1261.5602896093649
P-384,1255.8955090998681
P-384,1274.1074736425437
P-384,1275.9543619374547
P-384,1270.7412722746365
P-384,1270.8912445514075
P-384,1179.619496555411
P-384,1216.4564495698055
P-384,1211.9169605306893
P-384,1250.7268395627261
P-384,1265.8453663652288
P-384,1246.5655159427413
P-384,1239.682857490891
P-384,1294.5950670612644
P-384,1251.6388065145572
P-384,1241.105120792312
P-384,1240.3145603170685
P-384,1244.2513540160423
P-384,1255.702269281705
P-384,1265.6293513512123
P-384,1206.4201257021834
P-384,1279.0592112211239
P-384,1282.505810880945
P-384,1273.4648404488594
P-384,1245.6010409516196
P-384,1200.0012256184302
P-384,1195.4333419087932
P-384,1264.7489158071007
P-384,1258.9323850459032
P-384,1240.7889477804881
P-384,1225.4578683451439
P-384,1254.762477925429
P-384,1216.438460930244
P-384,1255.7418584827383
P-384,1265.5339948467738
P-384,1275.1062541300373
P-384,1269.6856298748337
P-384,1278.6972342437798
P-384,1231.1651244593302
P-384,1240.6431695924807
P-384,1259.0924298400669
P-384,1234.441121383923
P-384,1267.405597517541
P-384,1255.3274684897954
P-384,1253.106165080657
P-384,1168.225672765504
P-384,1263.096880648526
P-384,1268.0215860804763
P-384,1255.7559346583264
P-384,1236.3277662743237
P-384,1257.7066662331856
P-384,1280.2637857515526
P-384,1276.5257785148942
P-384,1225.6386957912523
P-384,1259.6140393586654
P-384,1247.6433480244248
P-384,1234.155845515588
P-384,1239.1137837723586
P-384,1221.7994532858193
P-384,1231.025871198742
P-384,1281.1452554935063
P-384,1193.6779460470464
P-384,1258.3720499489073
P-384,1249.9099662224196
P-384,1225.9556791553216
P-384,1222.0161876552893
P-384,1263.6704279727744
P-384,1241.8567250790943
P-384,1239.595598370238
P-384,1261.0645025291058
P-384,1258.7558952805352
P-384,1258.3719047743896
P-384,1202.276080796615
P-384,1270.3049562733245
P-384,1238.7257298788575
P-384,1267.2539559633738
P-384,1269.2354698226757
P-384,1273.3360708510884
P-384,1266.3364551857587
P-384,1266.271874091311
P-384,1218.5909624626975
P-384,1266.234375729516
P-384,1270.2899827161068
P-384,1265.2618446402348
P-384,1240.7203096285612
P-384,1261.3039655296277
P-384,1279.0377360329176
P-384,1262.6361332268284
P-384,1247.8448130873462
P-384,1267.2719955080113
P-384,1271.3261554153446
P-384,1260.099990614131
P-384,1270.3695729556357
P-384,1272.7241023490296
P-384,1230.9764135018956
P-384,1249.4723015946931
P-384,1240.7661014230573
P-384,1272.1675649587462
P-384,1237.1916748983037
P-384,1246.29775840673
P-384,1266.5113886667461
P-384,1239.0558950507177
P-384,1268.5986455283326
P-384,1248.8807023355416
P-384,1258.708213466817
P-384,1251.005774656426
P-384,1198.8905341241398
P-384,1257.4616087715058
P-384,1258.181600777608
P-384,1257.9132941670805
P-384,1245.199019102597
P-384,1265.3853713637927
P-384,1259.9815370472156
P-384,1231.6442479367038
P-384,1212.476590876031
P-384,1236.173351551153
P-384,1220.6575378231628
P-384,1262.92059385353
P-384,1256.899368724184
P-384,1245.398480273875
P-384,1236.1457297257427
P-384,1240.3135459729242
P-384,1221.6936623596253
P-384,1257.078975289142
P-384,1208.3170638190857
P-384,1266.9713558386065
P-384,1269.9941280433206
P-384,1260.2184724896792
P-384,1257.7915138713774
P-384,1253.964554805969
P-384,1247.513303739962
P-384,1256.3198641010372
P-384,1263.4308951535118
P-384,1241.3655941194934
P-384,1251.5348934873077
P-384,1264.898870460018
P-384,1276.057309261969
P-384,1185.8046063526508
P-384,1268.4698328233524
P-384,1223.232150526706
P-384,1247.7870325426225
P-384,1248.0540054641938
P-384,1238.7966631023955
P-384,1236.2273038486487
P-384,1199.5156188674991
P-384,1278.1023798307276
P-384,1249.408328688702
P-384,1258.489014113181
P-384,1262.1163583211269
P-384,1240.2307461297564
P-384,1258.3615598348272
P-384,1265.2728023827442
P-384,1237.8008746202968
P-384,1243.2895038791366
P-384,1278.923356699992
P-384,1240.421510413737
P-384,1218.2034417678808
P-384,1244.258525245741
P-384,1202.6652283634817
P-384,1260.2389327873295
P-384,1276.7287318357212
P-384,1220.9563629908093
P-384,1258.4996071800877
P-384,1265.911590888957
P-384,1263.1761678171567
P-384,1266.1432539267657
P-384,1219.4379992927804
P-384,1237.9819706082508
P-384,1248.746880352734
P-384,1249.0300108463102
P-384,1264.5161116095585
P-384,1166.5673632850603
P-384,1197.947309046139
P-384,1254.4702337342198
P-384,1252.1009411370273
P-384,1258.5433204624128
P-384,1264.9477194978122
P-384,1218.409793096568
P-384,1228.2052796699793
P-384,1211.1417180513095
P-384,1246.7328684727006
P-384,1218.4056623154625
P-384,1252.7508801728243
P-384,1265.524601564435
P-384,1209.9038591886053
P-384,1265.535622568688
P-384,1223.6758546974318
P-384,1266.1379418925296
P-384,1268.2226377412983
P-384,1223.1216530008785
P-384,1259.4237056397437
P-384,1283.2501143805453
P-384,1271.4979751004455
P-384,1246.9003333426674
P-384,1276.69628234255
P-384,1257.2533368320828
P-384,1252.437759269165
P-384,1251.8524119869523
P-384,1269.1805558745748
P-384,1255.6930441647146
P-384,1268.8100391893033
P-384,1260.553626277821
P-384,1226.809030868402
P-384,1266.1949836985245
P-384,1248.2919176887701
P-384,1264.0177634365878
P-384,1215.8117376315477
P-384,1205.5933972341718
P-384,1286.6591755142265
P-384,1246.7252658694526
P-384,1262.0130719515805
P-384,1259.980942811887
P-384,1248.6533734286083
P-384,1234.8361447358516
P-384,1256.097415176671
P-384,1249.3637950686257
P-384,1263.1122152896753
P-384,1267.3601175026477
P-384,1233.8029013584921
P-384,1243.0566603550615
P-384,1262.9743283156224
P-384,1251.0310150466157
P-384,1272.1823305936452
P-384,1227.5376274138057
P-384,1255.512186048414
P-384,1244.8455325457267
P-384,1227.0876354429463
P-384,1199.5003059761975
P-384,1260.203544697557
P-384,1238.9422175096847
P-384,1288.550107617982
P-384,1260.4889056726697
P-384,1269.6779453811137
P-384,1262.145575538597
P-384,1217.75542315751
P-384,1273.551528175382
P-384,1241.5635595297363
P-384,1261.8373517552345
P-384,1270.605109603979
P-384,1246.1417592457803
P-384,1242.5875892572155
P-384,1260.50454563952
P-384,1265.3204780937197
P-384,1259.8327341858035
P-384,1223.6073005226608
P-384,1250.3020131441244
P-384,1248.8266160022758
P-384,1260.0144730116047
P-384,1257.314139115215
P-384,1241.818116618388
P-384,1206.4250475175593
P-384,1273.3789909418724
P-384,1267.5586490349563
